Region,Year,Season,NOC,Count
Afghanistan,2008,Summer,AFG,1
Afghanistan,2012,Summer,AFG,1
Algeria,1984,Summer,ALG,2
Algeria,1992,Summer,ALG,2
Algeria,1996,Summer,ALG,3
Algeria,2000,Summer,ALG,5
Algeria,2008,Summer,ALG,2
Algeria,2012,Summer,ALG,1
Algeria,2016,Summer,ALG,2
Argentina,1924,Summer,ARG,10
Argentina,1928,Summer,ARG,26
Argentina,1932,Summer,ARG,4
Argentina,1936,Summer,ARG,11
Argentina,1948,Summer,ARG,11
Argentina,1952,Summer,ARG,6
Argentina,1956,Summer,ARG,2
Argentina,1960,Summer,ARG,4
Argentina,1964,Summer,ARG,1
Argentina,1968,Summer,ARG,2
Argentina,1972,Summer,ARG,1
Argentina,1988,Summer,ARG,13
Argentina,1992,Summer,ARG,2
Argentina,1996,Summer,ARG,20
Argentina,2000,Summer,ARG,20
Argentina,2004,Summer,ARG,49
Argentina,2008,Summer,ARG,51
Argentina,2012,Summer,ARG,19
Argentina,2016,Summer,ARG,22
Armenia,1996,Summer,ARM,2
Armenia,2000,Summer,ARM,1
Armenia,2008,Summer,ARM,6
Armenia,2012,Summer,ARM,3
Armenia,2016,Summer,ARM,4
Australia,1896,Summer,AUS,3
Australia,1900,Summer,AUS,6
Australia,1904,Summer,AUS,4
Australia,1906,Summer,AUS,3
Australia,1908,Summer,ANZ,19
Australia,1912,Summer,ANZ,10
Australia,1920,Summer,AUS,7
Australia,1924,Summer,AUS,10
Australia,1924,Winter,AUS,1
Australia,1928,Summer,AUS,4
Australia,1932,Summer,AUS,5
Australia,1936,Summer,AUS,1
Australia,1948,Summer,AUS,16
Australia,1952,Summer,AUS,20
Australia,1956,Summer,AUS,67
Australia,1960,Summer,AUS,46
Australia,1964,Summer,AUS,44
Australia,1968,Summer,AUS,51
Australia,1972,Summer,AUS,20
Australia,1976,Summer,AUS,23
Australia,1980,Summer,AUS,13
Australia,1984,Summer,AUS,52
Australia,1988,Summer,AUS,35
Australia,1992,Summer,AUS,57
Australia,1994,Winter,AUS,4
Australia,1996,Summer,AUS,132
Australia,1998,Winter,AUS,1
Australia,2000,Summer,AUS,183
Australia,2002,Winter,AUS,2
Australia,2004,Summer,AUS,157
Australia,2006,Winter,AUS,2
Australia,2008,Summer,AUS,149
Australia,2010,Winter,AUS,3
Australia,2012,Summer,AUS,114
Australia,2014,Winter,AUS,3
Australia,2016,Summer,AUS,82
Austria,1896,Summer,AUT,5
Austria,1900,Summer,AUT,6
Austria,1904,Summer,AUT,4
Austria,1906,Summer,AUT,9
Austria,1908,Summer,AUT,1
Austria,1912,Summer,AUT,14
Austria,1924,Summer,AUT,4
Austria,1924,Winter,AUT,4
Austria,1928,Summer,AUT,5
Austria,1928,Winter,AUT,6
Austria,1932,Summer,AUT,5
Austria,1932,Winter,AUT,2
Austria,1936,Summer,AUT,55
Austria,1936,Winter,AUT,5
Austria,1948,Summer,AUT,8
Austria,1948,Winter,AUT,8
Austria,1952,Summer,AUT,3
Austria,1952,Winter,AUT,8
Austria,1956,Summer,AUT,4
Austria,1956,Winter,AUT,12
Austria,1960,Summer,AUT,3
Austria,1960,Winter,AUT,6
Austria,1964,Winter,AUT,17
Austria,1968,Summer,AUT,5
Austria,1968,Winter,AUT,15
Austria,1972,Summer,AUT,3
Austria,1972,Winter,AUT,5
Austria,1976,Summer,AUT,1
Austria,1976,Winter,AUT,7
Austria,1980,Summer,AUT,5
Austria,1980,Winter,AUT,8
Austria,1984,Summer,AUT,3
Austria,1984,Winter,AUT,1
Austria,1988,Summer,AUT,1
Austria,1988,Winter,AUT,12
Austria,1992,Summer,AUT,6
Austria,1992,Winter,AUT,29
Austria,1994,Winter,AUT,12
Austria,1996,Summer,AUT,3
Austria,1998,Winter,AUT,20
Austria,2000,Summer,AUT,4
Austria,2002,Winter,AUT,20
Austria,2004,Summer,AUT,8
Austria,2006,Winter,AUT,30
Austria,2008,Summer,AUT,3
Austria,2010,Winter,AUT,26
Austria,2014,Winter,AUT,27
Austria,2016,Summer,AUT,2
Azerbaijan,1996,Summer,AZE,1
Azerbaijan,2000,Summer,AZE,3
Azerbaijan,2004,Summer,AZE,5
Azerbaijan,2008,Summer,AZE,7
Azerbaijan,2012,Summer,AZE,10
Azerbaijan,2016,Summer,AZE,18
Bahamas,1956,Summer,BAH,2
Bahamas,1964,Summer,BAH,2
Bahamas,1992,Summer,BAH,1
Bahamas,1996,Summer,BAH,5
Bahamas,2000,Summer,BAH,11
Bahamas,2004,Summer,BAH,2
Bahamas,2008,Summer,BAH,7
Bahamas,2012,Summer,BAH,4
Bahamas,2016,Summer,BAH,6
Bahrain,2012,Summer,BRN,1
Bahrain,2016,Summer,BRN,2
Barbados,2000,Summer,BAR,1
Belarus,1994,Winter,BLR,2
Belarus,1996,Summer,BLR,23
Belarus,1998,Winter,BLR,2
Belarus,2000,Summer,BLR,22
Belarus,2002,Winter,BLR,1
Belarus,2004,Summer,BLR,15
Belarus,2006,Winter,BLR,1
Belarus,2008,Summer,BLR,29
Belarus,2010,Winter,BLR,3
Belarus,2012,Summer,BLR,23
Belarus,2014,Winter,BLR,6
Belarus,2016,Summer,BLR,12
Belgium,1900,Summer,BEL,43
Belgium,1906,Summer,BEL,11
Belgium,1908,Summer,BEL,33
Belgium,1912,Summer,BEL,19
Belgium,1920,Summer,BEL,188
Belgium,1924,Summer,BEL,39
Belgium,1924,Winter,BEL,5
Belgium,1928,Summer,BEL,5
Belgium,1928,Winter,BEL,1
Belgium,1932,Summer,BEL,1
Belgium,1936,Summer,BEL,14
Belgium,1948,Summer,BEL,15
Belgium,1948,Winter,BEL,6
Belgium,1952,Summer,BEL,8
Belgium,1956,Summer,BEL,2
Belgium,1960,Summer,BEL,4
Belgium,1964,Summer,BEL,3
Belgium,1968,Summer,BEL,3
Belgium,1972,Summer,BEL,2
Belgium,1976,Summer,BEL,9
Belgium,1980,Summer,BEL,1
Belgium,1984,Summer,BEL,5
Belgium,1988,Summer,BEL,2
Belgium,1992,Summer,BEL,3
Belgium,1996,Summer,BEL,6
Belgium,1998,Winter,BEL,1
Belgium,2000,Summer,BEL,7
Belgium,2004,Summer,BEL,3
Belgium,2008,Summer,BEL,5
Belgium,2012,Summer,BEL,3
Belgium,2016,Summer,BEL,21
Bermuda,1976,Summer,BER,1
Botswana,2012,Summer,BOT,1
Brazil,1920,Summer,BRA,7
Brazil,1948,Summer,BRA,10
Brazil,1952,Summer,BRA,3
Brazil,1956,Summer,BRA,1
Brazil,1960,Summer,BRA,13
Brazil,1964,Summer,BRA,12
Brazil,1968,Summer,BRA,4
Brazil,1972,Summer,BRA,2
Brazil,1976,Summer,BRA,3
Brazil,1980,Summer,BRA,9
Brazil,1984,Summer,BRA,36
Brazil,1988,Summer,BRA,23
Brazil,1992,Summer,BRA,14
Brazil,1996,Summer,BRA,63
Brazil,2000,Summer,BRA,48
Brazil,2004,Summer,BRA,40
Brazil,2008,Summer,BRA,78
Brazil,2012,Summer,BRA,59
Brazil,2016,Summer,BRA,50
Bulgaria,1952,Summer,BUL,1
Bulgaria,1956,Summer,BUL,18
Bulgaria,1960,Summer,BUL,7
Bulgaria,1964,Summer,BUL,10
Bulgaria,1968,Summer,BUL,26
Bulgaria,1972,Summer,BUL,22
Bulgaria,1976,Summer,BUL,39
Bulgaria,1980,Summer,BUL,90
Bulgaria,1980,Winter,BUL,1
Bulgaria,1988,Summer,BUL,41
Bulgaria,1992,Summer,BUL,17
Bulgaria,1996,Summer,BUL,21
Bulgaria,1998,Winter,BUL,1
Bulgaria,2000,Summer,BUL,13
Bulgaria,2002,Winter,BUL,3
Bulgaria,2004,Summer,BUL,17
Bulgaria,2006,Winter,BUL,1
Bulgaria,2008,Summer,BUL,5
Bulgaria,2012,Summer,BUL,2
Bulgaria,2016,Summer,BUL,7
Burundi,1996,Summer,BDI,1
Burundi,2016,Summer,BDI,1
Cameroon,1968,Summer,CMR,1
Cameroon,1984,Summer,CMR,1
Cameroon,2000,Summer,CMR,18
Cameroon,2004,Summer,CMR,1
Cameroon,2008,Summer,CMR,1
Canada,1900,Summer,CAN,2
Canada,1904,Summer,CAN,48
Canada,1906,Summer,CAN,2
Canada,1908,Summer,CAN,52
Canada,1912,Summer,CAN,8
Canada,1920,Summer,CAN,16
Canada,1924,Summer,CAN,20
Canada,1924,Winter,CAN,9
Canada,1928,Summer,CAN,33
Canada,1928,Winter,CAN,12
Canada,1932,Summer,CAN,39
Canada,1932,Winter,CAN,20
Canada,1936,Summer,CAN,22
Canada,1936,Winter,CAN,13
Canada,1948,Summer,CAN,7
Canada,1948,Winter,CAN,15
Canada,1952,Summer,CAN,4
Canada,1952,Winter,CAN,17
Canada,1956,Summer,CAN,19
Canada,1956,Winter,CAN,20
Canada,1960,Summer,CAN,9
Canada,1960,Winter,CAN,21
Canada,1964,Summer,CAN,5
Canada,1964,Winter,CAN,7
Canada,1968,Summer,CAN,10
Canada,1968,Winter,CAN,20
Canada,1972,Summer,CAN,11
Canada,1972,Winter,CAN,1
Canada,1976,Summer,CAN,23
Canada,1976,Winter,CAN,3
Canada,1980,Winter,CAN,2
Canada,1984,Summer,CAN,87
Canada,1984,Winter,CAN,4
Canada,1988,Summer,CAN,23
Canada,1988,Winter,CAN,6
Canada,1992,Summer,CAN,44
Canada,1992,Winter,CAN,36
Canada,1994,Winter,CAN,37
Canada,1996,Summer,CAN,50
Canada,1998,Winter,CAN,49
Canada,2000,Summer,CAN,31
Canada,2002,Winter,CAN,74
Canada,2004,Summer,CAN,17
Canada,2006,Winter,CAN,69
Canada,2008,Summer,CAN,35
Canada,2010,Winter,CAN,90
Canada,2012,Summer,CAN,55
Canada,2014,Winter,CAN,86
Canada,2016,Summer,CAN,69
Chile,1928,Summer,CHI,1
Chile,1952,Summer,CHI,4
Chile,1956,Summer,CHI,4
Chile,1988,Summer,CHI,1
Chile,2000,Summer,CHI,17
Chile,2004,Summer,CHI,4
Chile,2008,Summer,CHI,1
China,1984,Summer,CHN,74
China,1988,Summer,CHN,52
China,1992,Summer,CHN,82
China,1992,Winter,CHN,3
China,1994,Winter,CHN,3
China,1996,Summer,CHN,106
China,1996,Summer,HKG,1
China,1998,Winter,CHN,14
China,2000,Summer,CHN,79
China,2002,Winter,CHN,16
China,2004,Summer,CHN,94
China,2004,Summer,HKG,2
China,2006,Winter,CHN,13
China,2008,Summer,CHN,184
China,2010,Winter,CHN,19
China,2012,Summer,CHN,125
China,2012,Summer,HKG,1
China,2014,Winter,CHN,12
China,2016,Summer,CHN,113
Colombia,1900,Summer,COL,1
Colombia,1972,Summer,COL,3
Colombia,1984,Summer,COL,1
Colombia,1988,Summer,COL,1
Colombia,1992,Summer,COL,1
Colombia,2000,Summer,COL,1
Colombia,2004,Summer,COL,2
Colombia,2008,Summer,COL,2
Colombia,2012,Summer,COL,8
Colombia,2016,Summer,COL,8
Costa Rica,1988,Summer,CRC,1
Costa Rica,1996,Summer,CRC,1
Costa Rica,2000,Summer,CRC,2
Croatia,1992,Summer,CRO,15
Croatia,1996,Summer,CRO,28
Croatia,2000,Summer,CRO,10
Croatia,2002,Winter,CRO,4
Croatia,2004,Summer,CRO,21
Croatia,2006,Winter,CRO,3
Croatia,2008,Summer,CRO,5
Croatia,2010,Winter,CRO,3
Croatia,2012,Summer,CRO,35
Croatia,2014,Winter,CRO,1
Croatia,2016,Summer,CRO,24
Cuba,1900,Summer,CUB,2
Cuba,1904,Summer,CUB,5
Cuba,1948,Summer,CUB,2
Cuba,1964,Summer,CUB,1
Cuba,1968,Summer,CUB,10
Cuba,1972,Summer,CUB,22
Cuba,1976,Summer,CUB,24
Cuba,1980,Summer,CUB,20
Cuba,1992,Summer,CUB,69
Cuba,1996,Summer,CUB,55
Cuba,2000,Summer,CUB,65
Cuba,2004,Summer,CUB,62
Cuba,2008,Summer,CUB,47
Cuba,2012,Summer,CUB,14
Cuba,2016,Summer,CUB,11
Curacao,1988,Summer,AHO,1
Cyprus,2012,Summer,CYP,1
Czech Republic,1900,Summer,BOH,3
Czech Republic,1906,Summer,BOH,3
Czech Republic,1908,Summer,BOH,6
Czech Republic,1920,Summer,TCH,10
Czech Republic,1924,Summer,TCH,10
Czech Republic,1928,Summer,TCH,16
Czech Republic,1928,Winter,TCH,1
Czech Republic,1932,Summer,TCH,6
Czech Republic,1936,Summer,TCH,18
Czech Republic,1948,Summer,TCH,20
Czech Republic,1948,Winter,TCH,17
Czech Republic,1952,Summer,TCH,25
Czech Republic,1956,Summer,TCH,7
Czech Republic,1960,Summer,TCH,22
Czech Republic,1960,Winter,TCH,1
Czech Republic,1964,Summer,TCH,54
Czech Republic,1964,Winter,TCH,17
Czech Republic,1968,Summer,TCH,29
Czech Republic,1968,Winter,TCH,21
Czech Republic,1972,Summer,TCH,29
Czech Republic,1972,Winter,TCH,20
Czech Republic,1976,Summer,TCH,15
Czech Republic,1976,Winter,TCH,19
Czech Republic,1980,Summer,TCH,51
Czech Republic,1980,Winter,TCH,1
Czech Republic,1984,Winter,TCH,28
Czech Republic,1988,Summer,TCH,10
Czech Republic,1988,Winter,TCH,6
Czech Republic,1992,Summer,TCH,8
Czech Republic,1992,Winter,TCH,27
Czech Republic,1996,Summer,CZE,13
Czech Republic,1998,Winter,CZE,23
Czech Republic,2000,Summer,CZE,9
Czech Republic,2002,Winter,CZE,3
Czech Republic,2004,Summer,CZE,13
Czech Republic,2006,Winter,CZE,27
Czech Republic,2008,Summer,CZE,7
Czech Republic,2010,Winter,CZE,9
Czech Republic,2012,Summer,CZE,14
Czech Republic,2014,Winter,CZE,11
Czech Republic,2016,Summer,CZE,15
Denmark,1896,Summer,DEN,6
Denmark,1900,Summer,DEN,9
Denmark,1906,Summer,DEN,34
Denmark,1908,Summer,DEN,17
Denmark,1912,Summer,DEN,87
Denmark,1920,Summer,DEN,71
Denmark,1924,Summer,DEN,14
Denmark,1928,Summer,DEN,15
Denmark,1932,Summer,DEN,11
Denmark,1936,Summer,DEN,6
Denmark,1948,Summer,DEN,51
Denmark,1952,Summer,DEN,9
Denmark,1956,Summer,DEN,6
Denmark,1960,Summer,DEN,23
Denmark,1964,Summer,DEN,12
Denmark,1968,Summer,DEN,17
Denmark,1972,Summer,DEN,1
Denmark,1976,Summer,DEN,8
Denmark,1980,Summer,DEN,8
Denmark,1984,Summer,DEN,13
Denmark,1988,Summer,DEN,7
Denmark,1992,Summer,DEN,14
Denmark,1996,Summer,DEN,23
Denmark,1998,Winter,DEN,5
Denmark,2000,Summer,DEN,25
Denmark,2004,Summer,DEN,29
Denmark,2008,Summer,DEN,19
Denmark,2012,Summer,DEN,16
Denmark,2016,Summer,DEN,41
Djibouti,1988,Summer,DJI,1
Dominican Republic,1984,Summer,DOM,1
Dominican Republic,2004,Summer,DOM,1
Dominican Republic,2008,Summer,DOM,2
Dominican Republic,2012,Summer,DOM,2
Dominican Republic,2016,Summer,DOM,1
Ecuador,1996,Summer,ECU,1
Ecuador,2008,Summer,ECU,1
Egypt,1928,Summer,EGY,4
Egypt,1936,Summer,EGY,5
Egypt,1948,Summer,EGY,5
Egypt,1952,Summer,EGY,1
Egypt,1984,Summer,EGY,1
Egypt,2004,Summer,EGY,5
Egypt,2008,Summer,EGY,1
Egypt,2012,Summer,EGY,2
Egypt,2016,Summer,EGY,3
Eritrea,2004,Summer,ERI,1
Estonia,1920,Summer,EST,3
Estonia,1924,Summer,EST,6
Estonia,1928,Summer,EST,9
Estonia,1936,Summer,EST,7
Estonia,1992,Summer,EST,3
Estonia,2000,Summer,EST,3
Estonia,2002,Winter,EST,3
Estonia,2004,Summer,EST,3
Estonia,2006,Winter,EST,3
Estonia,2008,Summer,EST,3
Estonia,2010,Winter,EST,1
Estonia,2012,Summer,EST,2
Estonia,2016,Summer,EST,4
Ethiopia,1960,Summer,ETH,1
Ethiopia,1964,Summer,ETH,1
Ethiopia,1968,Summer,ETH,2
Ethiopia,1972,Summer,ETH,2
Ethiopia,1980,Summer,ETH,4
Ethiopia,1992,Summer,ETH,3
Ethiopia,1996,Summer,ETH,3
Ethiopia,2000,Summer,ETH,8
Ethiopia,2004,Summer,ETH,7
Ethiopia,2008,Summer,ETH,7
Ethiopia,2012,Summer,ETH,7
Ethiopia,2016,Summer,ETH,8
Fiji,2016,Summer,FIJ,13
Finland,1906,Summer,FIN,4
Finland,1908,Summer,FIN,30
Finland,1912,Summer,FIN,71
Finland,1920,Summer,FIN,52
Finland,1924,Summer,FIN,52
Finland,1924,Winter,FIN,15
Finland,1928,Summer,FIN,25
Finland,1928,Winter,FIN,4
Finland,1932,Summer,FIN,29
Finland,1932,Winter,FIN,3
Finland,1936,Summer,FIN,27
Finland,1936,Winter,FIN,9
Finland,1948,Summer,FIN,33
Finland,1948,Winter,FIN,9
Finland,1952,Summer,FIN,40
Finland,1952,Winter,FIN,12
Finland,1956,Summer,FIN,26
Finland,1956,Winter,FIN,12
Finland,1960,Summer,FIN,6
Finland,1960,Winter,FIN,13
Finland,1964,Summer,FIN,5
Finland,1964,Winter,FIN,15
Finland,1968,Summer,FIN,4
Finland,1968,Winter,FIN,8
Finland,1972,Summer,FIN,10
Finland,1972,Winter,FIN,10
Finland,1976,Summer,FIN,6
Finland,1976,Winter,FIN,16
Finland,1980,Summer,FIN,9
Finland,1980,Winter,FIN,12
Finland,1984,Summer,FIN,12
Finland,1984,Winter,FIN,19
Finland,1988,Summer,FIN,4
Finland,1988,Winter,FIN,34
Finland,1992,Summer,FIN,7
Finland,1992,Winter,FIN,13
Finland,1994,Winter,FIN,30
Finland,1996,Summer,FIN,4
Finland,1998,Winter,FIN,58
Finland,2000,Summer,FIN,5
Finland,2002,Winter,FIN,13
Finland,2004,Summer,FIN,2
Finland,2006,Winter,FIN,41
Finland,2008,Summer,FIN,5
Finland,2010,Winter,FIN,47
Finland,2012,Summer,FIN,5
Finland,2014,Winter,FIN,33
Finland,2016,Summer,FIN,1
France,1896,Summer,FRA,11
France,1900,Summer,FRA,235
France,1904,Summer,FRA,2
France,1906,Summer,FRA,64
France,1908,Summer,FRA,40
France,1912,Summer,FRA,26
France,1920,Summer,FRA,141
France,1924,Summer,FRA,110
France,1924,Winter,FRA,10
France,1928,Summer,FRA,50
France,1928,Winter,FRA,2
France,1932,Summer,FRA,40
France,1932,Winter,FRA,2
France,1936,Summer,FRA,44
France,1936,Winter,FRA,1
France,1948,Summer,FRA,72
France,1948,Winter,FRA,5
France,1952,Summer,FRA,40
France,1952,Winter,FRA,1
France,1956,Summer,FRA,33
France,1960,Summer,FRA,12
France,1960,Winter,FRA,3
France,1964,Summer,FRA,31
France,1964,Winter,FRA,7
France,1968,Summer,FRA,27
France,1968,Winter,FRA,9
France,1972,Summer,FRA,22
France,1972,Winter,FRA,3
France,1976,Summer,FRA,20
France,1976,Winter,FRA,1
France,1980,Summer,FRA,29
France,1980,Winter,FRA,1
France,1984,Summer,FRA,67
France,1984,Winter,FRA,3
France,1988,Summer,FRA,29
France,1988,Winter,FRA,2
France,1992,Summer,FRA,57
France,1992,Winter,FRA,12
France,1994,Winter,FRA,11
France,1996,Summer,FRA,51
France,1998,Winter,FRA,15
France,2000,Summer,FRA,66
France,2002,Winter,FRA,15
France,2004,Summer,FRA,53
France,2006,Winter,FRA,15
France,2008,Summer,FRA,77
France,2010,Winter,FRA,14
France,2012,Summer,FRA,82
France,2014,Winter,FRA,18
France,2016,Summer,FRA,96
Gabon,2012,Summer,GAB,1
Georgia,1996,Summer,GEO,2
Georgia,2000,Summer,GEO,6
Georgia,2004,Summer,GEO,4
Georgia,2008,Summer,GEO,6
Georgia,2012,Summer,GEO,7
Georgia,2016,Summer,GEO,7
Germany,1896,Summer,GER,32
Germany,1900,Summer,GER,45
Germany,1904,Summer,GER,16
Germany,1906,Summer,GER,30
Germany,1908,Summer,GER,21
Germany,1912,Summer,GER,53
Germany,1928,Summer,GER,77
Germany,1928,Winter,GER,5
Germany,1932,Summer,GER,43
Germany,1932,Winter,GER,14
Germany,1936,Summer,GER,224
Germany,1936,Winter,GER,7
Germany,1952,Summer,GER,40
Germany,1952,Winter,GER,12
Germany,1956,Summer,GER,52
Germany,1956,Winter,GER,2
Germany,1960,Summer,GER,89
Germany,1960,Winter,GER,9
Germany,1964,Summer,GER,116
Germany,1964,Winter,GER,10
Germany,1968,Summer,FRG,51
Germany,1968,Summer,GDR,52
Germany,1968,Winter,FRG,10
Germany,1968,Winter,GDR,6
Germany,1972,Summer,FRG,102
Germany,1972,Summer,GDR,151
Germany,1972,Winter,FRG,10
Germany,1972,Winter,GDR,20
Germany,1976,Summer,FRG,78
Germany,1976,Summer,GDR,195
Germany,1976,Winter,FRG,32
Germany,1976,Winter,GDR,32
Germany,1980,Summer,GDR,264
Germany,1980,Winter,FRG,8
Germany,1980,Winter,GDR,39
Germany,1984,Summer,FRG,158
Germany,1984,Winter,FRG,8
Germany,1984,Winter,GDR,33
Germany,1988,Summer,FRG,115
Germany,1988,Summer,GDR,181
Germany,1988,Winter,FRG,14
Germany,1988,Winter,GDR,32
Germany,1992,Summer,GER,198
Germany,1992,Winter,GER,38
Germany,1994,Winter,GER,40
Germany,1996,Summer,GER,124
Germany,1998,Winter,GER,44
Germany,2000,Summer,GER,118
Germany,2002,Winter,GER,61
Germany,2004,Summer,GER,149
Germany,2006,Winter,GER,54
Germany,2008,Summer,GER,99
Germany,2010,Winter,GER,54
Germany,2012,Summer,GER,94
Germany,2014,Winter,GER,36
Germany,2016,Summer,GER,159
Ghana,1960,Summer,GHA,1
Ghana,1964,Summer,GHA,1
Ghana,1972,Summer,GHA,1
Ghana,1992,Summer,GHA,20
Greece,1896,Summer,GRE,48
Greece,1904,Summer,GRE,2
Greece,1906,Summer,GRE,102
Greece,1908,Summer,GRE,4
Greece,1912,Summer,GRE,2
Greece,1920,Summer,GRE,5
Greece,1924,Summer,GRE,1
Greece,1956,Summer,GRE,1
Greece,1960,Summer,GRE,3
Greece,1968,Summer,GRE,1
Greece,1972,Summer,GRE,2
Greece,1980,Summer,GRE,5
Greece,1984,Summer,GRE,2
Greece,1988,Summer,GRE,1
Greece,1992,Summer,GRE,2
Greece,1996,Summer,GRE,8
Greece,2000,Summer,GRE,18
Greece,2004,Summer,GRE,31
Greece,2008,Summer,GRE,7
Greece,2012,Summer,GRE,3
Greece,2016,Summer,GRE,7
Grenada,2012,Summer,GRN,1
Grenada,2016,Summer,GRN,1
Guatemala,2012,Summer,GUA,1
Guyana,1980,Summer,GUY,1
Haiti,1900,Summer,HAI,1
Haiti,1924,Summer,HAI,5
Haiti,1928,Summer,HAI,1
Hungary,1896,Summer,HUN,6
Hungary,1900,Summer,HUN,5
Hungary,1904,Summer,HUN,4
Hungary,1906,Summer,HUN,13
Hungary,1908,Summer,HUN,20
Hungary,1912,Summer,HUN,30
Hungary,1924,Summer,HUN,22
Hungary,1928,Summer,HUN,21
Hungary,1932,Summer,HUN,33
Hungary,1932,Winter,HUN,2
Hungary,1936,Summer,HUN,41
Hungary,1936,Winter,HUN,2
Hungary,1948,Summer,HUN,62
Hungary,1948,Winter,HUN,2
Hungary,1952,Summer,HUN,102
Hungary,1952,Winter,HUN,2
Hungary,1956,Summer,HUN,64
Hungary,1956,Winter,HUN,2
Hungary,1960,Summer,HUN,66
Hungary,1964,Summer,HUN,56
Hungary,1968,Summer,HUN,81
Hungary,1972,Summer,HUN,81
Hungary,1976,Summer,HUN,55
Hungary,1980,Summer,HUN,61
Hungary,1980,Winter,HUN,2
Hungary,1988,Summer,HUN,44
Hungary,1992,Summer,HUN,45
Hungary,1996,Summer,HUN,43
Hungary,2000,Summer,HUN,53
Hungary,2004,Summer,HUN,40
Hungary,2008,Summer,HUN,27
Hungary,2012,Summer,HUN,26
Hungary,2016,Summer,HUN,22
Iceland,1956,Summer,ISL,1
Iceland,1984,Summer,ISL,1
Iceland,2000,Summer,ISL,1
Iceland,2008,Summer,ISL,14
India,1900,Summer,IND,2
India,1924,Winter,IND,7
India,1928,Summer,IND,14
India,1932,Summer,IND,15
India,1936,Summer,IND,19
India,1948,Summer,IND,20
India,1952,Summer,IND,15
India,1956,Summer,IND,17
India,1960,Summer,IND,13
India,1964,Summer,IND,15
India,1968,Summer,IND,16
India,1972,Summer,IND,14
India,1980,Summer,IND,16
India,1996,Summer,IND,1
India,2000,Summer,IND,1
India,2004,Summer,IND,1
India,2008,Summer,IND,3
India,2012,Summer,IND,6
India,2016,Summer,IND,2
Individual Olympic Athletes,1992,Summer,IOA,3
Individual Olympic Athletes,2016,Summer,IOA,2
Indonesia,1988,Summer,INA,3
Indonesia,1992,Summer,INA,6
Indonesia,1996,Summer,INA,6
Indonesia,2000,Summer,INA,8
Indonesia,2004,Summer,INA,5
Indonesia,2008,Summer,INA,7
Indonesia,2012,Summer,INA,2
Indonesia,2016,Summer,INA,4
Iran,1948,Summer,IRI,1
Iran,1952,Summer,IRI,7
Iran,1956,Summer,IRI,5
Iran,1960,Summer,IRI,4
Iran,1964,Summer,IRI,2
Iran,1968,Summer,IRI,5
Iran,1972,Summer,IRI,3
Iran,1976,Summer,IRI,2
Iran,1988,Summer,IRI,1
Iran,1992,Summer,IRI,3
Iran,1996,Summer,IRI,3
Iran,2000,Summer,IRI,4
Iran,2004,Summer,IRI,6
Iran,2008,Summer,IRI,2
Iran,2012,Summer,IRI,12
Iran,2016,Summer,IRI,8
Iraq,1960,Summer,IRQ,1
Ireland,1924,Summer,IRL,2
Ireland,1928,Summer,IRL,1
Ireland,1932,Summer,IRL,2
Ireland,1948,Summer,IRL,1
Ireland,1952,Summer,IRL,1
Ireland,1956,Summer,IRL,5
Ireland,1964,Summer,IRL,1
Ireland,1980,Summer,IRL,3
Ireland,1984,Summer,IRL,1
Ireland,1992,Summer,IRL,2
Ireland,1996,Summer,IRL,4
Ireland,2000,Summer,IRL,1
Ireland,2008,Summer,IRL,3
Ireland,2012,Summer,IRL,5
Ireland,2016,Summer,IRL,3
Israel,1992,Summer,ISR,2
Israel,1996,Summer,ISR,1
Israel,2000,Summer,ISR,1
Israel,2004,Summer,ISR,2
Israel,2008,Summer,ISR,1
Israel,2016,Summer,ISR,2
Italy,1900,Summer,ITA,5
Italy,1906,Summer,ITA,56
Italy,1908,Summer,ITA,8
Italy,1912,Summer,ITA,25
Italy,1920,Summer,ITA,84
Italy,1924,Summer,ITA,51
Italy,1928,Summer,ITA,72
Italy,1932,Summer,ITA,77
Italy,1936,Summer,ITA,76
Italy,1948,Summer,ITA,67
Italy,1948,Winter,ITA,1
Italy,1952,Summer,ITA,54
Italy,1952,Winter,ITA,2
Italy,1956,Summer,ITA,47
Italy,1956,Winter,ITA,8
Italy,1960,Summer,ITA,88
Italy,1960,Winter,ITA,1
Italy,1964,Summer,ITA,51
Italy,1964,Winter,ITA,10
Italy,1968,Summer,ITA,33
Italy,1968,Winter,ITA,8
Italy,1972,Summer,ITA,25
Italy,1972,Winter,ITA,9
Italy,1976,Summer,ITA,31
Italy,1976,Winter,ITA,4
Italy,1980,Summer,ITA,37
Italy,1980,Winter,ITA,3
Italy,1984,Summer,ITA,63
Italy,1984,Winter,ITA,2
Italy,1988,Summer,ITA,29
Italy,1988,Winter,ITA,8
Italy,1992,Summer,ITA,45
Italy,1992,Winter,ITA,21
Italy,1994,Winter,ITA,32
Italy,1996,Summer,ITA,71
Italy,1998,Winter,ITA,17
Italy,2000,Summer,ITA,65
Italy,2002,Winter,ITA,21
Italy,2004,Summer,ITA,104
Italy,2006,Winter,ITA,25
Italy,2008,Summer,ITA,42
Italy,2010,Winter,ITA,5
Italy,2012,Summer,ITA,68
Italy,2014,Winter,ITA,14
Italy,2016,Summer,ITA,72
Ivory Coast,1984,Summer,CIV,1
Ivory Coast,2016,Summer,CIV,2
Jamaica,1948,Summer,JAM,3
Jamaica,1952,Summer,JAM,8
Jamaica,1968,Summer,JAM,1
Jamaica,1972,Summer,JAM,1
Jamaica,1976,Summer,JAM,2
Jamaica,1980,Summer,JAM,3
Jamaica,1984,Summer,JAM,7
Jamaica,1988,Summer,JAM,7
Jamaica,1992,Summer,JAM,4
Jamaica,1996,Summer,JAM,16
Jamaica,2000,Summer,JAM,23
Jamaica,2004,Summer,JAM,13
Jamaica,2008,Summer,JAM,14
Jamaica,2012,Summer,JAM,25
Jamaica,2016,Summer,JAM,30
Japan,1920,Summer,JPN,3
Japan,1924,Summer,JPN,1
Japan,1928,Summer,JPN,9
Japan,1932,Summer,JPN,31
Japan,1936,Summer,JPN,23
Japan,1952,Summer,JPN,12
Japan,1956,Summer,JPN,24
Japan,1956,Winter,JPN,1
Japan,1960,Summer,JPN,31
Japan,1964,Summer,JPN,62
Japan,1968,Summer,JPN,63
Japan,1972,Summer,JPN,56
Japan,1972,Winter,JPN,3
Japan,1976,Summer,JPN,41
Japan,1980,Winter,JPN,1
Japan,1984,Summer,JPN,49
Japan,1984,Winter,JPN,1
Japan,1988,Summer,JPN,20
Japan,1988,Winter,JPN,1
Japan,1992,Summer,JPN,47
Japan,1992,Winter,JPN,12
Japan,1994,Winter,JPN,10
Japan,1996,Summer,JPN,42
Japan,1998,Winter,JPN,13
Japan,2000,Summer,JPN,44
Japan,2002,Winter,JPN,2
Japan,2004,Summer,JPN,93
Japan,2006,Winter,JPN,1
Japan,2008,Summer,JPN,51
Japan,2010,Winter,JPN,7
Japan,2012,Summer,JPN,84
Japan,2014,Winter,JPN,11
Japan,2016,Summer,JPN,64
Jordan,2016,Summer,JOR,1
Kazakhstan,1994,Winter,KAZ,3
Kazakhstan,1996,Summer,KAZ,11
Kazakhstan,1998,Winter,KAZ,2
Kazakhstan,2000,Summer,KAZ,7
Kazakhstan,2004,Summer,KAZ,8
Kazakhstan,2008,Summer,KAZ,13
Kazakhstan,2010,Winter,KAZ,1
Kazakhstan,2012,Summer,KAZ,13
Kazakhstan,2014,Winter,KAZ,1
Kazakhstan,2016,Summer,KAZ,18
Kenya,1964,Summer,KEN,1
Kenya,1968,Summer,KEN,12
Kenya,1972,Summer,KEN,12
Kenya,1984,Summer,KEN,3
Kenya,1988,Summer,KEN,9
Kenya,1992,Summer,KEN,8
Kenya,1996,Summer,KEN,8
Kenya,2000,Summer,KEN,7
Kenya,2004,Summer,KEN,7
Kenya,2008,Summer,KEN,15
Kenya,2012,Summer,KEN,11
Kenya,2016,Summer,KEN,13
Kosovo,2016,Summer,KOS,1
Kuwait,2000,Summer,KUW,1
Kuwait,2012,Summer,KUW,1
Kyrgyzstan,2000,Summer,KGZ,1
Kyrgyzstan,2008,Summer,KGZ,2
Latvia,1932,Summer,LAT,1
Latvia,1936,Summer,LAT,2
Latvia,1992,Summer,LAT,3
Latvia,1996,Summer,LAT,1
Latvia,2000,Summer,LAT,3
Latvia,2004,Summer,LAT,4
Latvia,2006,Winter,LAT,1
Latvia,2008,Summer,LAT,3
Latvia,2010,Winter,LAT,3
Latvia,2012,Summer,LAT,3
Latvia,2014,Winter,LAT,11
Lebanon,1952,Summer,LIB,2
Lebanon,1972,Summer,LIB,1
Lebanon,1980,Summer,LIB,1
Liechtenstein,1976,Winter,LIE,2
Liechtenstein,1980,Winter,LIE,4
Liechtenstein,1984,Winter,LIE,2
Liechtenstein,1988,Winter,LIE,1
Lithuania,1992,Summer,LTU,13
Lithuania,1996,Summer,LTU,11
Lithuania,2000,Summer,LTU,17
Lithuania,2004,Summer,LTU,3
Lithuania,2008,Summer,LTU,5
Lithuania,2012,Summer,LTU,5
Lithuania,2016,Summer,LTU,7
Luxembourg,1900,Summer,LUX,1
Luxembourg,1920,Summer,LUX,1
Luxembourg,1924,Summer,LUX,2
Luxembourg,1928,Summer,LUX,1
Luxembourg,1952,Summer,LUX,1
Luxembourg,1992,Winter,LUX,2
Macedonia,2000,Summer,MKD,1
Malaysia,1992,Summer,MAS,2
Malaysia,1996,Summer,MAS,3
Malaysia,2008,Summer,MAS,1
Malaysia,2012,Summer,MAS,2
Malaysia,2016,Summer,MAS,8
Mauritius,2008,Summer,MRI,1
Mexico,1900,Summer,MEX,3
Mexico,1932,Summer,MEX,2
Mexico,1936,Summer,MEX,16
Mexico,1948,Summer,MEX,9
Mexico,1952,Summer,MEX,1
Mexico,1956,Summer,MEX,2
Mexico,1960,Summer,MEX,1
Mexico,1964,Summer,MEX,1
Mexico,1968,Summer,MEX,9
Mexico,1972,Summer,MEX,1
Mexico,1976,Summer,MEX,2
Mexico,1980,Summer,MEX,10
Mexico,1984,Summer,MEX,6
Mexico,1988,Summer,MEX,2
Mexico,1992,Summer,MEX,1
Mexico,1996,Summer,MEX,1
Mexico,2000,Summer,MEX,6
Mexico,2004,Summer,MEX,4
Mexico,2008,Summer,MEX,4
Mexico,2012,Summer,MEX,24
Mexico,2016,Summer,MEX,5
Moldova,1996,Summer,MDA,3
Moldova,2000,Summer,MDA,2
Moldova,2008,Summer,MDA,1
Moldova,2012,Summer,MDA,2
Monaco,1924,Summer,MON,1
Mongolia,1968,Summer,MGL,4
Mongolia,1972,Summer,MGL,1
Mongolia,1976,Summer,MGL,1
Mongolia,1980,Summer,MGL,4
Mongolia,1988,Summer,MGL,1
Mongolia,1992,Summer,MGL,2
Mongolia,1996,Summer,MGL,1
Mongolia,2004,Summer,MGL,1
Mongolia,2008,Summer,MGL,4
Mongolia,2012,Summer,MGL,5
Mongolia,2016,Summer,MGL,2
Montenegro,2012,Summer,MNE,14
Morocco,1960,Summer,MAR,1
Morocco,1984,Summer,MAR,2
Morocco,1988,Summer,MAR,3
Morocco,1992,Summer,MAR,3
Morocco,1996,Summer,MAR,2
Morocco,2000,Summer,MAR,5
Morocco,2004,Summer,MAR,3
Morocco,2008,Summer,MAR,2
Morocco,2012,Summer,MAR,1
Morocco,2016,Summer,MAR,1
Mozambique,1996,Summer,MOZ,1
Mozambique,2000,Summer,MOZ,1
Namibia,1992,Summer,NAM,2
Namibia,1996,Summer,NAM,2
Nepal,1924,Winter,NEP,1
Netherlands,1900,Summer,NED,27
Netherlands,1906,Summer,NED,6
Netherlands,1908,Summer,NED,16
Netherlands,1912,Summer,NED,26
Netherlands,1920,Summer,NED,50
Netherlands,1924,Summer,NED,27
Netherlands,1928,Summer,NED,57
Netherlands,1932,Summer,NED,13
Netherlands,1936,Summer,NED,37
Netherlands,1948,Summer,NED,42
Netherlands,1952,Summer,NED,18
Netherlands,1952,Winter,NED,3
Netherlands,1960,Summer,NED,3
Netherlands,1960,Winter,NED,2
Netherlands,1964,Summer,NED,31
Netherlands,1964,Winter,NED,2
Netherlands,1968,Summer,NED,14
Netherlands,1968,Winter,NED,9
Netherlands,1972,Summer,NED,6
Netherlands,1972,Winter,NED,9
Netherlands,1976,Summer,NED,14
Netherlands,1976,Winter,NED,6
Netherlands,1980,Summer,NED,6
Netherlands,1980,Winter,NED,4
Netherlands,1984,Summer,NED,41
Netherlands,1988,Summer,NED,45
Netherlands,1988,Winter,NED,7
Netherlands,1992,Summer,NED,33
Netherlands,1992,Winter,NED,4
Netherlands,1994,Winter,NED,4
Netherlands,1996,Summer,NED,73
Netherlands,1998,Winter,NED,11
Netherlands,2000,Summer,NED,79
Netherlands,2002,Winter,NED,8
Netherlands,2004,Summer,NED,77
Netherlands,2006,Winter,NED,13
Netherlands,2008,Summer,NED,61
Netherlands,2010,Winter,NED,11
Netherlands,2012,Summer,NED,69
Netherlands,2014,Winter,NED,29
Netherlands,2016,Summer,NED,47
New Zealand,1900,Summer,NZL,1
New Zealand,1920,Summer,NZL,1
New Zealand,1924,Summer,NZL,1
New Zealand,1928,Summer,NZL,1
New Zealand,1932,Summer,NZL,2
New Zealand,1936,Summer,NZL,1
New Zealand,1952,Summer,NZL,3
New Zealand,1956,Summer,NZL,3
New Zealand,1960,Summer,NZL,3
New Zealand,1964,Summer,NZL,6
New Zealand,1968,Summer,NZL,7
New Zealand,1972,Summer,NZL,14
New Zealand,1976,Summer,NZL,25
New Zealand,1984,Summer,NZL,23
New Zealand,1988,Summer,NZL,24
New Zealand,1992,Summer,NZL,15
New Zealand,1992,Winter,NZL,1
New Zealand,1996,Summer,NZL,9
New Zealand,2000,Summer,NZL,4
New Zealand,2004,Summer,NZL,6
New Zealand,2008,Summer,NZL,15
New Zealand,2012,Summer,NZL,27
New Zealand,2016,Summer,NZL,36
Niger,1972,Summer,NIG,1
Niger,2016,Summer,NIG,1
Nigeria,1964,Summer,NGR,1
Nigeria,1972,Summer,NGR,1
Nigeria,1984,Summer,NGR,5
Nigeria,1992,Summer,NGR,11
Nigeria,1996,Summer,NGR,24
Nigeria,2000,Summer,NGR,8
Nigeria,2004,Summer,NGR,8
Nigeria,2008,Summer,NGR,23
Nigeria,2016,Summer,NGR,18
North Korea,1964,Winter,PRK,1
North Korea,1972,Summer,PRK,15
North Korea,1976,Summer,PRK,2
North Korea,1980,Summer,PRK,5
North Korea,1992,Summer,PRK,10
North Korea,1992,Winter,PRK,1
North Korea,1996,Summer,PRK,5
North Korea,2000,Summer,PRK,4
North Korea,2004,Summer,PRK,5
North Korea,2008,Summer,PRK,6
North Korea,2012,Summer,PRK,6
North Korea,2016,Summer,PRK,7
Norway,1900,Summer,NOR,9
Norway,1904,Summer,NOR,2
Norway,1906,Summer,NOR,25
Norway,1908,Summer,NOR,42
Norway,1912,Summer,NOR,80
Norway,1920,Summer,NOR,137
Norway,1924,Summer,NOR,22
Norway,1924,Winter,NOR,17
Norway,1928,Summer,NOR,9
Norway,1928,Winter,NOR,15
Norway,1932,Winter,NOR,10
Norway,1936,Summer,NOR,28
Norway,1936,Winter,NOR,18
Norway,1948,Summer,NOR,18
Norway,1948,Winter,NOR,13
Norway,1952,Summer,NOR,13
Norway,1952,Winter,NOR,19
Norway,1956,Summer,NOR,3
Norway,1956,Winter,NOR,4
Norway,1960,Summer,NOR,2
Norway,1960,Winter,NOR,9
Norway,1964,Winter,NOR,15
Norway,1968,Summer,NOR,6
Norway,1968,Winter,NOR,22
Norway,1972,Summer,NOR,8
Norway,1972,Winter,NOR,17
Norway,1976,Summer,NOR,6
Norway,1976,Winter,NOR,10
Norway,1980,Winter,NOR,15
Norway,1984,Summer,NOR,4
Norway,1984,Winter,NOR,15
Norway,1988,Summer,NOR,22
Norway,1988,Winter,NOR,11
Norway,1992,Summer,NOR,23
Norway,1992,Winter,NOR,24
Norway,1994,Winter,NOR,30
Norway,1996,Summer,NOR,23
Norway,1998,Winter,NOR,40
Norway,2000,Summer,NOR,43
Norway,2002,Winter,NOR,41
Norway,2004,Summer,NOR,7
Norway,2006,Winter,NOR,23
Norway,2008,Summer,NOR,22
Norway,2010,Winter,NOR,39
Norway,2012,Summer,NOR,17
Norway,2014,Winter,NOR,36
Norway,2016,Summer,NOR,19
Pakistan,1956,Summer,PAK,14
Pakistan,1960,Summer,PAK,14
Pakistan,1964,Summer,PAK,16
Pakistan,1968,Summer,PAK,13
Pakistan,1972,Summer,PAK,15
Pakistan,1976,Summer,PAK,16
Pakistan,1984,Summer,PAK,16
Pakistan,1988,Summer,PAK,1
Pakistan,1992,Summer,PAK,16
Panama,1948,Summer,PAN,2
Panama,2008,Summer,PAN,1
Paraguay,2004,Summer,PAR,17
Peru,1948,Summer,PER,1
Peru,1984,Summer,PER,1
Peru,1988,Summer,PER,12
Peru,1992,Summer,PER,1
Philippines,1928,Summer,PHI,1
Philippines,1932,Summer,PHI,3
Philippines,1936,Summer,PHI,1
Philippines,1964,Summer,PHI,1
Philippines,1988,Summer,PHI,1
Philippines,1992,Summer,PHI,1
Philippines,1996,Summer,PHI,1
Philippines,2016,Summer,PHI,1
Poland,1924,Summer,POL,5
Poland,1928,Summer,POL,20
Poland,1932,Summer,POL,21
Poland,1936,Summer,POL,12
Poland,1948,Summer,POL,2
Poland,1952,Summer,POL,4
Poland,1956,Summer,POL,19
Poland,1956,Winter,POL,1
Poland,1960,Summer,POL,30
Poland,1960,Winter,POL,2
Poland,1964,Summer,POL,46
Poland,1968,Summer,POL,37
Poland,1972,Summer,POL,46
Poland,1972,Winter,POL,1
Poland,1976,Summer,POL,73
Poland,1980,Summer,POL,50
Poland,1988,Summer,POL,21
Poland,1992,Summer,POL,46
Poland,1996,Summer,POL,22
Poland,2000,Summer,POL,24
Poland,2002,Winter,POL,2
Poland,2004,Summer,POL,12
Poland,2006,Winter,POL,2
Poland,2008,Summer,POL,20
Poland,2010,Winter,POL,8
Poland,2012,Summer,POL,12
Poland,2014,Winter,POL,11
Poland,2016,Summer,POL,16
Portugal,1924,Summer,POR,4
Portugal,1928,Summer,POR,6
Portugal,1936,Summer,POR,3
Portugal,1948,Summer,POR,5
Portugal,1952,Summer,POR,2
Portugal,1960,Summer,POR,2
Portugal,1976,Summer,POR,2
Portugal,1984,Summer,POR,3
Portugal,1988,Summer,POR,1
Portugal,1996,Summer,POR,3
Portugal,2000,Summer,POR,2
Portugal,2004,Summer,POR,3
Portugal,2008,Summer,POR,2
Portugal,2012,Summer,POR,2
Portugal,2016,Summer,POR,1
Puerto Rico,1948,Summer,PUR,1
Puerto Rico,1976,Summer,PUR,1
Puerto Rico,1984,Summer,PUR,2
Puerto Rico,1992,Summer,PUR,1
Puerto Rico,1996,Summer,PUR,1
Puerto Rico,2012,Summer,PUR,2
Puerto Rico,2016,Summer,PUR,1
Qatar,1992,Summer,QAT,1
Qatar,2000,Summer,QAT,1
Qatar,2012,Summer,QAT,2
Qatar,2016,Summer,QAT,1
Romania,1924,Summer,ROU,16
Romania,1936,Summer,ROU,1
Romania,1952,Summer,ROU,4
Romania,1956,Summer,ROU,19
Romania,1960,Summer,ROU,15
Romania,1964,Summer,ROU,16
Romania,1968,Summer,ROU,23
Romania,1968,Winter,ROU,2
Romania,1972,Summer,ROU,40
Romania,1976,Summer,ROU,55
Romania,1980,Summer,ROU,68
Romania,1984,Summer,ROU,106
Romania,1988,Summer,ROU,58
Romania,1992,Summer,ROU,53
Romania,1996,Summer,ROU,38
Romania,2000,Summer,ROU,46
Romania,2004,Summer,ROU,39
Romania,2008,Summer,ROU,22
Romania,2012,Summer,ROU,16
Romania,2016,Summer,ROU,16
Russia,1908,Summer,RUS,3
Russia,1912,Summer,RUS,14
Russia,1952,Summer,URS,117
Russia,1956,Summer,URS,169
Russia,1956,Winter,URS,37
Russia,1960,Summer,URS,169
Russia,1960,Winter,URS,42
Russia,1964,Summer,URS,174
Russia,1964,Winter,URS,47
Russia,1968,Summer,URS,192
Russia,1968,Winter,URS,37
Russia,1972,Summer,URS,214
Russia,1972,Winter,URS,45
Russia,1976,Summer,URS,286
Russia,1976,Winter,URS,56
Russia,1980,Summer,URS,442
Russia,1980,Winter,URS,54
Russia,1984,Winter,URS,56
Russia,1988,Summer,URS,300
Russia,1988,Winter,URS,66
Russia,1992,Summer,EUN,220
Russia,1992,Winter,EUN,59
Russia,1994,Winter,RUS,36
Russia,1996,Summer,RUS,115
Russia,1998,Winter,RUS,52
Russia,2000,Summer,RUS,187
Russia,2002,Winter,RUS,38
Russia,2004,Summer,RUS,189
Russia,2006,Winter,RUS,41
Russia,2008,Summer,RUS,142
Russia,2010,Winter,RUS,25
Russia,2012,Summer,RUS,140
Russia,2014,Winter,RUS,68
Russia,2016,Summer,RUS,115
Saudi Arabia,2000,Summer,KSA,2
Saudi Arabia,2012,Summer,KSA,4
Senegal,1988,Summer,SEN,1
Serbia,1924,Summer,YUG,2
Serbia,1928,Summer,YUG,12
Serbia,1936,Summer,YUG,1
Serbia,1948,Summer,YUG,16
Serbia,1952,Summer,YUG,24
Serbia,1956,Summer,YUG,23
Serbia,1960,Summer,YUG,17
Serbia,1964,Summer,YUG,15
Serbia,1968,Summer,YUG,29
Serbia,1972,Summer,YUG,18
Serbia,1976,Summer,YUG,19
Serbia,1980,Summer,YUG,57
Serbia,1984,Summer,YUG,87
Serbia,1984,Winter,YUG,1
Serbia,1988,Summer,YUG,63
Serbia,1988,Winter,YUG,6
Serbia,1996,Summer,SCG,26
Serbia,2000,Summer,SCG,25
Serbia,2004,Summer,SCG,13
Serbia,2008,Summer,SRB,15
Serbia,2012,Summer,SRB,16
Serbia,2016,Summer,SRB,54
Slovakia,1996,Summer,SVK,3
Slovakia,2000,Summer,SVK,6
Slovakia,2004,Summer,SVK,10
Slovakia,2006,Winter,SVK,1
Slovakia,2008,Summer,SVK,10
Slovakia,2010,Winter,SVK,3
Slovakia,2012,Summer,SVK,5
Slovakia,2014,Winter,SVK,1
Slovakia,2016,Summer,SVK,8
Slovenia,1992,Summer,SLO,6
Slovenia,1994,Winter,SLO,3
Slovenia,1996,Summer,SLO,2
Slovenia,2000,Summer,SLO,3
Slovenia,2002,Winter,SLO,4
Slovenia,2004,Summer,SLO,5
Slovenia,2008,Summer,SLO,5
Slovenia,2010,Winter,SLO,3
Slovenia,2012,Summer,SLO,5
Slovenia,2014,Winter,SLO,8
Slovenia,2016,Summer,SLO,4
South Africa,1908,Summer,RSA,2
South Africa,1912,Summer,RSA,7
South Africa,1920,Summer,RSA,21
South Africa,1924,Summer,RSA,3
South Africa,1928,Summer,RSA,6
South Africa,1932,Summer,RSA,5
South Africa,1936,Summer,RSA,1
South Africa,1948,Summer,RSA,6
South Africa,1952,Summer,RSA,14
South Africa,1956,Summer,RSA,7
South Africa,1960,Summer,RSA,3
South Africa,1992,Summer,RSA,3
South Africa,1996,Summer,RSA,5
South Africa,2000,Summer,RSA,5
South Africa,2004,Summer,RSA,10
South Africa,2008,Summer,RSA,1
South Africa,2012,Summer,RSA,9
South Africa,2016,Summer,RSA,23
South Korea,1948,Summer,KOR,2
South Korea,1952,Summer,KOR,2
South Korea,1956,Summer,KOR,2
South Korea,1964,Summer,KOR,3
South Korea,1968,Summer,KOR,2
South Korea,1972,Summer,KOR,1
South Korea,1976,Summer,KOR,17
South Korea,1984,Summer,KOR,41
South Korea,1988,Summer,KOR,77
South Korea,1992,Summer,KOR,49
South Korea,1992,Winter,KOR,7
South Korea,1994,Winter,KOR,9
South Korea,1996,Summer,KOR,66
South Korea,1998,Winter,KOR,12
South Korea,2000,Summer,KOR,73
South Korea,2002,Winter,KOR,7
South Korea,2004,Summer,KOR,52
South Korea,2006,Winter,KOR,19
South Korea,2008,Summer,KOR,78
South Korea,2010,Winter,KOR,18
South Korea,2012,Summer,KOR,61
South Korea,2014,Winter,KOR,14
South Korea,2016,Summer,KOR,26
Spain,1900,Summer,ESP,2
Spain,1920,Summer,ESP,23
Spain,1928,Summer,ESP,3
Spain,1932,Summer,ESP,1
Spain,1948,Summer,ESP,3
Spain,1952,Summer,ESP,1
Spain,1960,Summer,ESP,14
Spain,1972,Summer,ESP,1
Spain,1972,Winter,ESP,1
Spain,1976,Summer,ESP,6
Spain,1980,Summer,ESP,24
Spain,1984,Summer,ESP,19
Spain,1988,Summer,ESP,5
Spain,1992,Summer,ESP,69
Spain,1992,Winter,ESP,1
Spain,1996,Summer,ESP,66
Spain,2000,Summer,ESP,42
Spain,2004,Summer,ESP,30
Spain,2008,Summer,ESP,70
Spain,2012,Summer,ESP,63
Spain,2016,Summer,ESP,45
Sri Lanka,1948,Summer,SRI,1
Sri Lanka,2000,Summer,SRI,1
Sudan,2008,Summer,SUD,1
Suriname,1988,Summer,SUR,1
Suriname,1992,Summer,SUR,1
Sweden,1900,Summer,SWE,4
Sweden,1906,Summer,SWE,21
Sweden,1908,Summer,SWE,84
Sweden,1912,Summer,SWE,190
Sweden,1920,Summer,SWE,154
Sweden,1924,Summer,SWE,72
Sweden,1924,Winter,SWE,9
Sweden,1928,Summer,SWE,37
Sweden,1928,Winter,SWE,16
Sweden,1932,Summer,SWE,32
Sweden,1932,Winter,SWE,3
Sweden,1936,Summer,SWE,35
Sweden,1936,Winter,SWE,10
Sweden,1948,Summer,SWE,75
Sweden,1948,Winter,SWE,13
Sweden,1952,Summer,SWE,70
Sweden,1952,Winter,SWE,23
Sweden,1956,Summer,SWE,34
Sweden,1956,Winter,SWE,15
Sweden,1960,Summer,SWE,7
Sweden,1960,Winter,SWE,9
Sweden,1964,Summer,SWE,15
Sweden,1964,Winter,SWE,28
Sweden,1968,Summer,SWE,9
Sweden,1968,Winter,SWE,16
Sweden,1972,Summer,SWE,22
Sweden,1972,Winter,SWE,4
Sweden,1976,Summer,SWE,10
Sweden,1976,Winter,SWE,2
Sweden,1980,Summer,SWE,20
Sweden,1980,Winter,SWE,23
Sweden,1984,Summer,SWE,34
Sweden,1984,Winter,SWE,30
Sweden,1988,Summer,SWE,16
Sweden,1988,Winter,SWE,30
Sweden,1992,Summer,SWE,35
Sweden,1992,Winter,SWE,7
Sweden,1994,Winter,SWE,24
Sweden,1996,Summer,SWE,31
Sweden,1998,Winter,SWE,7
Sweden,2000,Summer,SWE,32
Sweden,2002,Winter,SWE,26
Sweden,2004,Summer,SWE,12
Sweden,2006,Winter,SWE,64
Sweden,2008,Summer,SWE,7
Sweden,2010,Winter,SWE,18
Sweden,2012,Summer,SWE,22
Sweden,2014,Winter,SWE,51
Sweden,2016,Summer,SWE,28
Switzerland,1896,Summer,SUI,3
Switzerland,1900,Summer,SUI,21
Switzerland,1904,Summer,SUI,3
Switzerland,1906,Summer,SUI,12
Switzerland,1912,Summer,SUI,2
Switzerland,1920,Summer,SUI,29
Switzerland,1924,Summer,SUI,60
Switzerland,1924,Winter,SUI,9
Switzerland,1928,Summer,SUI,30
Switzerland,1928,Winter,SUI,12
Switzerland,1932,Summer,SUI,1
Switzerland,1932,Winter,SUI,2
Switzerland,1936,Summer,SUI,52
Switzerland,1936,Winter,SUI,10
Switzerland,1948,Summer,SUI,36
Switzerland,1948,Winter,SUI,28
Switzerland,1952,Summer,SUI,33
Switzerland,1952,Winter,SUI,6
Switzerland,1956,Summer,SUI,3
Switzerland,1956,Winter,SUI,10
Switzerland,1960,Summer,SUI,12
Switzerland,1960,Winter,SUI,2
Switzerland,1964,Summer,SUI,6
Switzerland,1968,Summer,SUI,13
Switzerland,1968,Winter,SUI,9
Switzerland,1972,Summer,SUI,8
Switzerland,1972,Winter,SUI,17
Switzerland,1976,Summer,SUI,10
Switzerland,1976,Winter,SUI,9
Switzerland,1980,Summer,SUI,2
Switzerland,1980,Winter,SUI,9
Switzerland,1984,Summer,SUI,13
Switzerland,1984,Winter,SUI,8
Switzerland,1988,Summer,SUI,8
Switzerland,1988,Winter,SUI,20
Switzerland,1992,Summer,SUI,1
Switzerland,1992,Winter,SUI,7
Switzerland,1994,Winter,SUI,16
Switzerland,1996,Summer,SUI,11
Switzerland,1998,Winter,SUI,14
Switzerland,2000,Summer,SUI,14
Switzerland,2002,Winter,SUI,24
Switzerland,2004,Summer,SUI,7
Switzerland,2006,Winter,SUI,21
Switzerland,2008,Summer,SUI,11
Switzerland,2010,Winter,SUI,12
Switzerland,2012,Summer,SUI,4
Switzerland,2014,Winter,SUI,30
Switzerland,2016,Summer,SUI,11
Syria,1960,Summer,UAR,2
Syria,1984,Summer,SYR,1
Syria,1996,Summer,SYR,1
Syria,2004,Summer,SYR,1
Taiwan,1960,Summer,TPE,1
Taiwan,1968,Summer,TPE,1
Taiwan,1984,Summer,TPE,1
Taiwan,1992,Summer,TPE,20
Taiwan,1996,Summer,TPE,1
Taiwan,2000,Summer,TPE,5
Taiwan,2004,Summer,TPE,9
Taiwan,2008,Summer,TPE,4
Taiwan,2012,Summer,TPE,2
Taiwan,2016,Summer,TPE,5
Tajikistan,2008,Summer,TJK,2
Tajikistan,2012,Summer,TJK,1
Tajikistan,2016,Summer,TJK,1
Tanzania,1980,Summer,TAN,2
Thailand,1976,Summer,THA,1
Thailand,1984,Summer,THA,1
Thailand,1988,Summer,THA,1
Thailand,1992,Summer,THA,1
Thailand,1996,Summer,THA,2
Thailand,2000,Summer,THA,3
Thailand,2004,Summer,THA,8
Thailand,2008,Summer,THA,4
Thailand,2012,Summer,THA,3
Thailand,2016,Summer,THA,6
Togo,2008,Summer,TOG,1
Tonga,1996,Summer,TGA,1
Trinidad,1948,Summer,TTO,1
Trinidad,1952,Summer,TTO,2
Trinidad,1960,Summer,WIF,5
Trinidad,1964,Summer,TTO,6
Trinidad,1976,Summer,TTO,1
Trinidad,1996,Summer,TTO,2
Trinidad,2000,Summer,TTO,2
Trinidad,2004,Summer,TTO,1
Trinidad,2008,Summer,TTO,6
Trinidad,2012,Summer,TTO,10
Trinidad,2016,Summer,TTO,1
Tunisia,1964,Summer,TUN,2
Tunisia,1968,Summer,TUN,2
Tunisia,1972,Summer,TUN,1
Tunisia,1996,Summer,TUN,1
Tunisia,2008,Summer,TUN,1
Tunisia,2012,Summer,TUN,3
Tunisia,2016,Summer,TUN,3
Turkey,1936,Summer,TUR,2
Turkey,1948,Summer,TUR,12
Turkey,1952,Summer,TUR,3
Turkey,1956,Summer,TUR,7
Turkey,1960,Summer,TUR,9
Turkey,1964,Summer,TUR,6
Turkey,1968,Summer,TUR,2
Turkey,1972,Summer,TUR,1
Turkey,1984,Summer,TUR,3
Turkey,1988,Summer,TUR,2
Turkey,1992,Summer,TUR,6
Turkey,1996,Summer,TUR,6
Turkey,2000,Summer,TUR,5
Turkey,2004,Summer,TUR,11
Turkey,2008,Summer,TUR,7
Turkey,2012,Summer,TUR,5
Turkey,2016,Summer,TUR,8
UK,1896,Summer,GBR,9
UK,1900,Summer,GBR,108
UK,1904,Summer,GBR,2
UK,1906,Summer,GBR,39
UK,1908,Summer,GBR,368
UK,1912,Summer,GBR,170
UK,1920,Summer,GBR,111
UK,1924,Summer,GBR,64
UK,1924,Winter,GBR,31
UK,1928,Summer,GBR,58
UK,1928,Winter,GBR,1
UK,1932,Summer,GBR,35
UK,1936,Summer,GBR,36
UK,1936,Winter,GBR,17
UK,1948,Summer,GBR,61
UK,1948,Winter,GBR,2
UK,1952,Summer,GBR,31
UK,1952,Winter,GBR,1
UK,1956,Summer,GBR,46
UK,1960,Summer,GBR,28
UK,1964,Summer,GBR,28
UK,1964,Winter,GBR,2
UK,1968,Summer,GBR,19
UK,1972,Summer,GBR,29
UK,1976,Summer,GBR,32
UK,1976,Winter,GBR,1
UK,1980,Summer,GBR,47
UK,1980,Winter,GBR,1
UK,1984,Summer,GBR,71
UK,1984,Winter,GBR,2
UK,1988,Summer,GBR,54
UK,1992,Summer,GBR,50
UK,1994,Winter,GBR,3
UK,1996,Summer,GBR,26
UK,1998,Winter,GBR,4
UK,2000,Summer,GBR,54
UK,2002,Winter,GBR,6
UK,2004,Summer,GBR,57
UK,2006,Winter,GBR,1
UK,2008,Summer,GBR,81
UK,2010,Winter,GBR,1
UK,2012,Summer,GBR,126
UK,2014,Winter,GBR,10
UK,2016,Summer,GBR,145
USA,1896,Summer,USA,20
USA,1900,Summer,USA,63
USA,1904,Summer,USA,394
USA,1906,Summer,USA,24
USA,1908,Summer,USA,65
USA,1912,Summer,USA,107
USA,1920,Summer,USA,194
USA,1924,Summer,USA,182
USA,1924,Winter,USA,12
USA,1928,Summer,USA,88
USA,1928,Winter,USA,14
USA,1932,Summer,USA,189
USA,1932,Winter,USA,34
USA,1936,Summer,USA,96
USA,1936,Winter,USA,16
USA,1948,Summer,USA,152
USA,1948,Winter,USA,16
USA,1952,Summer,USA,134
USA,1952,Winter,USA,30
USA,1956,Summer,USA,123
USA,1956,Winter,USA,26
USA,1960,Summer,USA,125
USA,1960,Winter,USA,27
USA,1964,Summer,USA,169
USA,1964,Winter,USA,8
USA,1968,Summer,USA,166
USA,1968,Winter,USA,7
USA,1972,Summer,USA,171
USA,1972,Winter,USA,24
USA,1976,Summer,USA,164
USA,1976,Winter,USA,11
USA,1980,Winter,USA,30
USA,1984,Summer,USA,352
USA,1984,Winter,USA,9
USA,1988,Summer,USA,207
USA,1988,Winter,USA,7
USA,1992,Summer,USA,224
USA,1992,Winter,USA,14
USA,1994,Winter,USA,19
USA,1996,Summer,USA,259
USA,1998,Winter,USA,34
USA,2000,Summer,USA,242
USA,2002,Winter,USA,84
USA,2004,Summer,USA,263
USA,2006,Winter,USA,52
USA,2008,Summer,USA,317
USA,2010,Winter,USA,97
USA,2012,Summer,USA,248
USA,2014,Winter,USA,64
USA,2016,Summer,USA,264
Uganda,1968,Summer,UGA,2
Uganda,1972,Summer,UGA,2
Uganda,1980,Summer,UGA,1
Uganda,1996,Summer,UGA,1
Uganda,2012,Summer,UGA,1
Ukraine,1994,Winter,UKR,2
Ukraine,1996,Summer,UKR,34
Ukraine,1998,Winter,UKR,1
Ukraine,2000,Summer,UKR,35
Ukraine,2004,Summer,UKR,47
Ukraine,2006,Winter,UKR,3
Ukraine,2008,Summer,UKR,31
Ukraine,2012,Summer,UKR,26
Ukraine,2014,Winter,UKR,5
Ukraine,2016,Summer,UKR,15
United Arab Emirates,2004,Summer,UAE,1
United Arab Emirates,2016,Summer,UAE,1
Uruguay,1924,Summer,URU,14
Uruguay,1928,Summer,URU,17
Uruguay,1932,Summer,URU,1
Uruguay,1948,Summer,URU,3
Uruguay,1952,Summer,URU,14
Uruguay,1956,Summer,URU,12
Uruguay,1964,Summer,URU,1
Uruguay,2000,Summer,URU,1
Uzbekistan,1994,Winter,UZB,1
Uzbekistan,1996,Summer,UZB,2
Uzbekistan,2000,Summer,UZB,4
Uzbekistan,2004,Summer,UZB,5
Uzbekistan,2008,Summer,UZB,6
Uzbekistan,2012,Summer,UZB,3
Uzbekistan,2016,Summer,UZB,13
Venezuela,1952,Summer,VEN,1
Venezuela,1960,Summer,VEN,1
Venezuela,1968,Summer,VEN,1
Venezuela,1976,Summer,VEN,1
Venezuela,1980,Summer,VEN,1
Venezuela,1984,Summer,VEN,3
Venezuela,2004,Summer,VEN,2
Venezuela,2008,Summer,VEN,1
Venezuela,2012,Summer,VEN,1
Venezuela,2016,Summer,VEN,3
Vietnam,2000,Summer,VIE,1
Vietnam,2008,Summer,VIE,1
Vietnam,2016,Summer,VIE,2
"Virgin Islands, US",1988,Summer,ISV,1
Zambia,1984,Summer,ZAM,1
Zambia,1996,Summer,ZAM,1
Zimbabwe,1980,Summer,ZIM,15
Zimbabwe,2004,Summer,ZIM,3
Zimbabwe,2008,Summer,ZIM,4
